year,id,label,value
2001,Andaman and Nicobar Islands,Andaman and Nicobar Islands,3950.3
2001,Andhra Pradesh,Andhra Pradesh,2725.1
2001,Arunachal Pradesh,Arunachal Pradesh,2490.6
2001,Assam,Assam,1868.1
2001,Bihar,Bihar,902.9
2001,Chandigarh,Chandigarh,7919.6
2001,Chhattisgarh,Chhattisgarh,1842.8
2001,Delhi,Delhi,6101.9
2001,Goa,Goa,6842.9
2001,Gujarat,Gujarat,3169.7
2001,Haryana,Haryana,4026.4
2001,Himachal Pradesh,Himachal Pradesh,3667
2001,Jammu and Kashmir,Jammu and Kashmir,2311.3
2001,Jharkhand,Jharkhand,1691.5
2001,Karnataka,Karnataka,2775.2
2001,Kerala,Kerala,3180.8
2001,Madhya Pradesh,Madhya Pradesh,1868.3
2001,Maharashtra,Maharashtra,3665.1
2001,Manipur,Manipur,1908.8
2001,Meghalaya,Meghalaya,2509.8
2001,Mizoram,Mizoram,2846.5
2001,Nagaland,Nagaland,2594.2
2001,Odisha,Odisha,1651.1
2001,Puducherry,Puducherry,5683.3
2001,Punjab,Punjab,4247.8
2001,Rajasthan,Rajasthan,2110.9
2001,Sikkim,Sikkim,2729.2
2001,Tamil Nadu,Tamil Nadu,3100.3
2001,Telangana,Telangana,2597.7
2001,Tripura,Tripura,2588.1
2001,Uttar Pradesh,Uttar Pradesh,1488
2001,Uttarakhand,Uttarakhand,2318.7
2001,West Bengal,West Bengal,2547.5
2002,Andaman and Nicobar Islands,Andaman and Nicobar Islands,4159.2
2002,Andhra Pradesh,Andhra Pradesh,2761.9
2002,Arunachal Pradesh,Arunachal Pradesh,2296.7
2002,Assam,Assam,2004.1
2002,Bihar,Bihar,959.1
2002,Chandigarh,Chandigarh,8584.6
2002,Chhattisgarh,Chhattisgarh,1909.6
2002,Delhi,Delhi,6308.4
2002,Goa,Goa,7382.3
2002,Gujarat,Gujarat,3429.8
2002,Haryana,Haryana,4195.2
2002,Himachal Pradesh,Himachal Pradesh,3839.7
2002,Jammu and Kashmir,Jammu and Kashmir,2464.6
2002,Jharkhand,Jharkhand,1729
2002,Karnataka,Karnataka,2822.4
2002,Kerala,Kerala,3400.5
2002,Madhya Pradesh,Madhya Pradesh,1760.6
2002,Maharashtra,Maharashtra,3799.6
2002,Manipur,Manipur,1864.1
2002,Meghalaya,Meghalaya,2497.4
2002,Mizoram,Mizoram,2960.1
2002,Nagaland,Nagaland,2915.6
2002,Odisha,Odisha,1666.8
2002,Puducherry,Puducherry,6198
2002,Punjab,Punjab,4137.8
2002,Rajasthan,Rajasthan,1916.7
2002,Sikkim,Sikkim,2912.7
2002,Tamil Nadu,Tamil Nadu,3142.2
2002,Telangana,Telangana,2632.7
2002,Tripura,Tripura,2597
2002,Uttar Pradesh,Uttar Pradesh,1522.5
2002,Uttarakhand,Uttarakhand,2672
2002,West Bengal,West Bengal,2585.8
2003,Andaman and Nicobar Islands,Andaman and Nicobar Islands,4362.2
2003,Andhra Pradesh,Andhra Pradesh,2981.4
2003,Arunachal Pradesh,Arunachal Pradesh,2460.8
2003,Assam,Assam,2065.8
2003,Bihar,Bihar,920.1
2003,Chandigarh,Chandigarh,9096.6
2003,Chhattisgarh,Chhattisgarh,2146.4
2003,Delhi,Delhi,6611.4
2003,Goa,Goa,8004.1
2003,Gujarat,Gujarat,3843.9
2003,Haryana,Haryana,4506.2
2003,Himachal Pradesh,Himachal Pradesh,3992.3
2003,Jammu and Kashmir,Jammu and Kashmir,2543.9
2003,Jharkhand,Jharkhand,1823.2
2003,Karnataka,Karnataka,2899.7
2003,Kerala,Kerala,3622.6
2003,Madhya Pradesh,Madhya Pradesh,1961.3
2003,Maharashtra,Maharashtra,4082
2003,Manipur,Manipur,1984.6
2003,Meghalaya,Meghalaya,2587.5
2003,Mizoram,Mizoram,2968.4
2003,Nagaland,Nagaland,3136.5
2003,Odisha,Odisha,1939.7
2003,Puducherry,Puducherry,6438.6
2003,Punjab,Punjab,4269
2003,Rajasthan,Rajasthan,2271.4
2003,Sikkim,Sikkim,3091.9
2003,Tamil Nadu,Tamil Nadu,3319.2
2003,Telangana,Telangana,2842
2003,Tripura,Tripura,2761.5
2003,Uttar Pradesh,Uttar Pradesh,1570.8
2003,Uttarakhand,Uttarakhand,2789.9
2003,West Bengal,West Bengal,2762.4
2004,Andaman and Nicobar Islands,Andaman and Nicobar Islands,4130.1
2004,Andhra Pradesh,Andhra Pradesh,3444.7
2004,Arunachal Pradesh,Arunachal Pradesh,3425.1
2004,Assam,Assam,2464.8
2004,Bihar,Bihar,1017.1
2004,Chandigarh,Chandigarh,7777.2
2004,Chhattisgarh,Chhattisgarh,2681.5
2004,Delhi,Delhi,9245.6
2004,Goa,Goa,9944.2
2004,Gujarat,Gujarat,4435.2
2004,Haryana,Haryana,4795.8
2004,Himachal Pradesh,Himachal Pradesh,4840.8
2004,Jammu and Kashmir,Jammu and Kashmir,3336.9
2004,Jharkhand,Jharkhand,2647.6
2004,Karnataka,Karnataka,4578.6
2004,Kerala,Kerala,4892.7
2004,Madhya Pradesh,Madhya Pradesh,2059.1
2004,Maharashtra,Maharashtra,5058.3
2004,Manipur,Manipur,2750.1
2004,Meghalaya,Meghalaya,3422.3
2004,Mizoram,Mizoram,3313.9
2004,Nagaland,Nagaland,3287
2004,Odisha,Odisha,2411.4
2004,Puducherry,Puducherry,7228.2
2004,Punjab,Punjab,4418.3
2004,Rajasthan,Rajasthan,2522.7
2004,Sikkim,Sikkim,4395.6
2004,Tamil Nadu,Tamil Nadu,4369.9
2004,Telangana,Telangana,3687
2004,Tripura,Tripura,2917.6
2004,Uttar Pradesh,Uttar Pradesh,1762.3
2004,Uttarakhand,Uttarakhand,3698
2004,West Bengal,West Bengal,2795.9
2005,Andaman and Nicobar Islands,Andaman and Nicobar Islands,4316.9
2005,Andhra Pradesh,Andhra Pradesh,3589.6
2005,Arunachal Pradesh,Arunachal Pradesh,3456.9
2005,Assam,Assam,2593.6
2005,Bihar,Bihar,1017.6
2005,Chandigarh,Chandigarh,8489.5
2005,Chhattisgarh,Chhattisgarh,2818.6
2005,Delhi,Delhi,10008
2005,Goa,Goa,10422.4
2005,Gujarat,Gujarat,5041.2
2005,Haryana,Haryana,5131.6
2005,Himachal Pradesh,Himachal Pradesh,5173.9
2005,Jammu and Kashmir,Jammu and Kashmir,3456.2
2005,Jharkhand,Jharkhand,2548.2
2005,Karnataka,Karnataka,5099.4
2005,Kerala,Kerala,5360
2005,Madhya Pradesh,Madhya Pradesh,2134.6
2005,Maharashtra,Maharashtra,5598.2
2005,Manipur,Manipur,2874.9
2005,Meghalaya,Meghalaya,3548.3
2005,Mizoram,Mizoram,3433.8
2005,Nagaland,Nagaland,3500.8
2005,Odisha,Odisha,2499.7
2005,Puducherry,Puducherry,9433.1
2005,Punjab,Punjab,4668.8
2005,Rajasthan,Rajasthan,2644.6
2005,Sikkim,Sikkim,4773.2
2005,Tamil Nadu,Tamil Nadu,4896.3
2005,Telangana,Telangana,4199
2005,Tripura,Tripura,3051.6
2005,Uttar Pradesh,Uttar Pradesh,1864.1
2005,Uttarakhand,Uttarakhand,4221.1
2005,West Bengal,West Bengal,2927
2006,Andaman and Nicobar Islands,Andaman and Nicobar Islands,4871.9
2006,Andhra Pradesh,Andhra Pradesh,3946.2
2006,Arunachal Pradesh,Arunachal Pradesh,3471.1
2006,Assam,Assam,2619
2006,Bihar,Bihar,1149
2006,Chandigarh,Chandigarh,9148.6
2006,Chhattisgarh,Chhattisgarh,3246.5
2006,Delhi,Delhi,10842.4
2006,Goa,Goa,10974.5
2006,Gujarat,Gujarat,5408.5
2006,Haryana,Haryana,5597.1
2006,Himachal Pradesh,Himachal Pradesh,5365.5
2006,Jammu and Kashmir,Jammu and Kashmir,3555.3
2006,Jharkhand,Jharkhand,2591.5
2006,Karnataka,Karnataka,5493.8
2006,Kerala,Kerala,5633
2006,Madhya Pradesh,Madhya Pradesh,2292.3
2006,Maharashtra,Maharashtra,6222.2
2006,Manipur,Manipur,2837
2006,Meghalaya,Meghalaya,3861.6
2006,Mizoram,Mizoram,3482.1
2006,Nagaland,Nagaland,3564.5
2006,Odisha,Odisha,2774.5
2006,Puducherry,Puducherry,9090.2
2006,Punjab,Punjab,5040.3
2006,Rajasthan,Rajasthan,2934.5
2006,Sikkim,Sikkim,4797
2006,Tamil Nadu,Tamil Nadu,5498.5
2006,Telangana,Telangana,4559.1
2006,Tripura,Tripura,3146.1
2006,Uttar Pradesh,Uttar Pradesh,1971.8
2006,Uttarakhand,Uttarakhand,4794.1
2006,West Bengal,West Bengal,3092.2
2007,Andaman and Nicobar Islands,Andaman and Nicobar Islands,5241.8
2007,Andhra Pradesh,Andhra Pradesh,4512.2
2007,Arunachal Pradesh,Arunachal Pradesh,3755.9
2007,Assam,Assam,2685
2007,Bihar,Bihar,1207.1
2007,Chandigarh,Chandigarh,9132.9
2007,Chhattisgarh,Chhattisgarh,3621.6
2007,Delhi,Delhi,11718.9
2007,Goa,Goa,11888.2
2007,Gujarat,Gujarat,5849.2
2007,Haryana,Haryana,6121.3
2007,Himachal Pradesh,Himachal Pradesh,5631.8
2007,Jammu and Kashmir,Jammu and Kashmir,3700.5
2007,Jharkhand,Jharkhand,3028.3
2007,Karnataka,Karnataka,6116.9
2007,Kerala,Kerala,6037
2007,Madhya Pradesh,Madhya Pradesh,2379.4
2007,Maharashtra,Maharashtra,6791.8
2007,Manipur,Manipur,2899.8
2007,Meghalaya,Meghalaya,4021.4
2007,Mizoram,Mizoram,3724
2007,Nagaland,Nagaland,3690.4
2007,Odisha,Odisha,3286.9
2007,Puducherry,Puducherry,9367.3
2007,Punjab,Punjab,5604.2
2007,Rajasthan,Rajasthan,3105
2007,Sikkim,Sikkim,5205.9
2007,Tamil Nadu,Tamil Nadu,5830.7
2007,Telangana,Telangana,5114.5
2007,Tripura,Tripura,3176.6
2007,Uttar Pradesh,Uttar Pradesh,2084.3
2007,Uttarakhand,Uttarakhand,5562.1
2007,West Bengal,West Bengal,3311.8
2008,Andaman and Nicobar Islands,Andaman and Nicobar Islands,5418.4
2008,Andhra Pradesh,Andhra Pradesh,4596.4
2008,Arunachal Pradesh,Arunachal Pradesh,3993.2
2008,Assam,Assam,2782.5
2008,Bihar,Bihar,1369.6
2008,Chandigarh,Chandigarh,8907.8
2008,Chhattisgarh,Chhattisgarh,3943.5
2008,Delhi,Delhi,12696.9
2008,Goa,Goa,13678.6
2008,Gujarat,Gujarat,5928.9
2008,Haryana,Haryana,6663.6
2008,Himachal Pradesh,Himachal Pradesh,6264.5
2008,Jammu and Kashmir,Jammu and Kashmir,3830.2
2008,Jharkhand,Jharkhand,2873.2
2008,Karnataka,Karnataka,6383.9
2008,Kerala,Kerala,6401.3
2008,Madhya Pradesh,Madhya Pradesh,2630.3
2008,Maharashtra,Maharashtra,6781.1
2008,Manipur,Manipur,2849
2008,Meghalaya,Meghalaya,4308.9
2008,Mizoram,Mizoram,4008
2008,Nagaland,Nagaland,3903.9
2008,Odisha,Odisha,3429.1
2008,Puducherry,Puducherry,9189.4
2008,Punjab,Punjab,5788.6
2008,Rajasthan,Rajasthan,3329
2008,Sikkim,Sikkim,6089.9
2008,Tamil Nadu,Tamil Nadu,6095.3
2008,Telangana,Telangana,5789.6
2008,Tripura,Tripura,3324
2008,Uttar Pradesh,Uttar Pradesh,2186.2
2008,Uttarakhand,Uttarakhand,6158.6
2008,West Bengal,West Bengal,3446.2
2009,Andaman and Nicobar Islands,Andaman and Nicobar Islands,5843.7
2009,Andhra Pradesh,Andhra Pradesh,4942.5
2009,Arunachal Pradesh,Arunachal Pradesh,4837.1
2009,Assam,Assam,3066.6
2009,Bihar,Bihar,1457.4
2009,Chandigarh,Chandigarh,9095.6
2009,Chhattisgarh,Chhattisgarh,3747.5
2009,Delhi,Delhi,13486.1
2009,Goa,Goa,14238.2
2009,Gujarat,Gujarat,6461.8
2009,Haryana,Haryana,7565.2
2009,Himachal Pradesh,Himachal Pradesh,6793.5
2009,Jammu and Kashmir,Jammu and Kashmir,4073.2
2009,Jharkhand,Jharkhand,3061.7
2009,Karnataka,Karnataka,6477.5
2009,Kerala,Kerala,6871.6
2009,Madhya Pradesh,Madhya Pradesh,2813.8
2009,Maharashtra,Maharashtra,7152.9
2009,Manipur,Manipur,2931.5
2009,Meghalaya,Meghalaya,4335.8
2009,Mizoram,Mizoram,4236.3
2009,Nagaland,Nagaland,4040.3
2009,Odisha,Odisha,3501.5
2009,Puducherry,Puducherry,10412.7
2009,Punjab,Punjab,6081.1
2009,Rajasthan,Rajasthan,3552.1
2009,Sikkim,Sikkim,10778.1
2009,Tamil Nadu,Tamil Nadu,6823.2
2009,Telangana,Telangana,5810.4
2009,Tripura,Tripura,3514.6
2009,Uttar Pradesh,Uttar Pradesh,2382.4
2009,Uttarakhand,Uttarakhand,7221.5
2009,West Bengal,West Bengal,3754.5
2010,Andaman and Nicobar Islands,Andaman and Nicobar Islands,5479.5
2010,Andhra Pradesh,Andhra Pradesh,5258.4
2010,Arunachal Pradesh,Arunachal Pradesh,5231.9
2010,Assam,Assam,3263
2010,Bihar,Bihar,1647.7
2010,Chandigarh,Chandigarh,9025.3
2010,Chhattisgarh,Chhattisgarh,4050
2010,Delhi,Delhi,14100.8
2010,Goa,Goa,14574.1
2010,Gujarat,Gujarat,7073.3
2010,Haryana,Haryana,7956.1
2010,Himachal Pradesh,Himachal Pradesh,7360.5
2010,Jammu and Kashmir,Jammu and Kashmir,4427
2010,Jharkhand,Jharkhand,3505.2
2010,Karnataka,Karnataka,7155.9
2010,Kerala,Kerala,7133.9
2010,Madhya Pradesh,Madhya Pradesh,2940.5
2010,Maharashtra,Maharashtra,7934.7
2010,Manipur,Manipur,2913.4
2010,Meghalaya,Meghalaya,4453
2010,Mizoram,Mizoram,4599.9
2010,Nagaland,Nagaland,4098.9
2010,Odisha,Odisha,3843.8
2010,Puducherry,Puducherry,9973.8
2010,Punjab,Punjab,6274.8
2010,Rajasthan,Rajasthan,4081.4
2010,Sikkim,Sikkim,11814.4
2010,Tamil Nadu,Tamil Nadu,7583.5
2010,Telangana,Telangana,6849.9
2010,Tripura,Tripura,3697.3
2010,Uttar Pradesh,Uttar Pradesh,2463.1
2010,Uttarakhand,Uttarakhand,7752.7
2010,West Bengal,West Bengal,3944.4
2011,Andaman and Nicobar Islands,Andaman and Nicobar Islands,7430.7
2011,Andhra Pradesh,Andhra Pradesh,5493.6
2011,Arunachal Pradesh,Arunachal Pradesh,5674.3
2011,Assam,Assam,3249
2011,Bihar,Bihar,1678.4
2011,Chandigarh,Chandigarh,12573.4
2011,Chhattisgarh,Chhattisgarh,4374
2011,Delhi,Delhi,14422.2
2011,Goa,Goa,20633.3
2011,Gujarat,Gujarat,7211.5
2011,Haryana,Haryana,8305.5
2011,Himachal Pradesh,Himachal Pradesh,7518.4
2011,Jammu and Kashmir,Jammu and Kashmir,4425.6
2011,Jharkhand,Jharkhand,3233.3
2011,Karnataka,Karnataka,7032.6
2011,Kerala,Kerala,7753.1
2011,Madhya Pradesh,Madhya Pradesh,3069.6
2011,Maharashtra,Maharashtra,8076
2011,Manipur,Manipur,3185.6
2011,Meghalaya,Meghalaya,4713.4
2011,Mizoram,Mizoram,4662.4
2011,Nagaland,Nagaland,4363.6
2011,Odisha,Odisha,3904.7
2011,Puducherry,Puducherry,9470.7
2011,Punjab,Punjab,6805.1
2011,Rajasthan,Rajasthan,4488.3
2011,Sikkim,Sikkim,12974.1
2011,Tamil Nadu,Tamil Nadu,7401.9
2011,Telangana,Telangana,7187.1
2011,Tripura,Tripura,3710
2011,Uttar Pradesh,Uttar Pradesh,2562.6
2011,Uttarakhand,Uttarakhand,8095.6
2011,West Bengal,West Bengal,4045
2012,Andaman and Nicobar Islands,Andaman and Nicobar Islands,7610.8
2012,Andhra Pradesh,Andhra Pradesh,5486.6
2012,Arunachal Pradesh,Arunachal Pradesh,5898.8
2012,Assam,Assam,3255.8
2012,Bihar,Bihar,1749
2012,Chandigarh,Chandigarh,13213.6
2012,Chhattisgarh,Chhattisgarh,4478.5
2012,Delhi,Delhi,14880.9
2012,Goa,Goa,17083.8
2012,Gujarat,Gujarat,7760.3
2012,Haryana,Haryana,8849.6
2012,Himachal Pradesh,Himachal Pradesh,7863.6
2012,Jammu and Kashmir,Jammu and Kashmir,4519.8
2012,Jharkhand,Jharkhand,3412.3
2012,Karnataka,Karnataka,7396.3
2012,Kerala,Kerala,8095.7
2012,Madhya Pradesh,Madhya Pradesh,3376.1
2012,Maharashtra,Maharashtra,8435.1
2012,Manipur,Manipur,3073.2
2012,Meghalaya,Meghalaya,4743.5
2012,Mizoram,Mizoram,4872.3
2012,Nagaland,Nagaland,4639.5
2012,Odisha,Odisha,4060.4
2012,Puducherry,Puducherry,9590.5
2012,Punjab,Punjab,6949.4
2012,Rajasthan,Rajasthan,4652.6
2012,Sikkim,Sikkim,13133.8
2012,Tamil Nadu,Tamil Nadu,7747.5
2012,Telangana,Telangana,7365.9
2012,Tripura,Tripura,3835
2012,Uttar Pradesh,Uttar Pradesh,2656
2012,Uttarakhand,Uttarakhand,8448.3
2012,West Bengal,West Bengal,4216.5
2013,Andaman and Nicobar Islands,Andaman and Nicobar Islands,8100.2
2013,Andhra Pradesh,Andhra Pradesh,5796.9
2013,Arunachal Pradesh,Arunachal Pradesh,6387.8
2013,Assam,Assam,3429.9
2013,Bihar,Bihar,1820.9
2013,Chandigarh,Chandigarh,14085.7
2013,Chhattisgarh,Chhattisgarh,4836.2
2013,Delhi,Delhi,15558.1
2013,Goa,Goa,15058.3
2013,Gujarat,Gujarat,8040.3
2013,Haryana,Haryana,9454.2
2013,Himachal Pradesh,Himachal Pradesh,8399.9
2013,Jammu and Kashmir,Jammu and Kashmir,4624.1
2013,Jharkhand,Jharkhand,3412.2
2013,Karnataka,Karnataka,8091.9
2013,Kerala,Kerala,8560.6
2013,Madhya Pradesh,Madhya Pradesh,3608.4
2013,Maharashtra,Maharashtra,8879.2
2013,Manipur,Manipur,3334.5
2013,Meghalaya,Meghalaya,4636.2
2013,Mizoram,Mizoram,5530.7
2013,Nagaland,Nagaland,5084.1
2013,Odisha,Odisha,4291.7
2013,Puducherry,Puducherry,10198.2
2013,Punjab,Punjab,7206.6
2013,Rajasthan,Rajasthan,4822.3
2013,Sikkim,Sikkim,13762.8
2013,Tamil Nadu,Tamil Nadu,8210.6
2013,Telangana,Telangana,7722.8
2013,Tripura,Tripura,4221.5
2013,Uttar Pradesh,Uttar Pradesh,2816.9
2013,Uttarakhand,Uttarakhand,8895.9
2013,West Bengal,West Bengal,4499.1
2014,Andaman and Nicobar Islands,Andaman and Nicobar Islands,8482.6
2014,Andhra Pradesh,Andhra Pradesh,6306.4
2014,Arunachal Pradesh,Arunachal Pradesh,7529.3
2014,Assam,Assam,3608.3
2014,Bihar,Bihar,1876.2
2014,Chandigarh,Chandigarh,14370.3
2014,Chhattisgarh,Chhattisgarh,4924.1
2014,Delhi,Delhi,16431.1
2014,Goa,Goa,19267.9
2014,Gujarat,Gujarat,8764.7
2014,Haryana,Haryana,9877.6
2014,Himachal Pradesh,Himachal Pradesh,8825.1
2014,Jammu and Kashmir,Jammu and Kashmir,4557.8
2014,Jharkhand,Jharkhand,3765.1
2014,Karnataka,Karnataka,8669.4
2014,Kerala,Kerala,9086.3
2014,Madhya Pradesh,Madhya Pradesh,3752.4
2014,Maharashtra,Maharashtra,9166.7
2014,Manipur,Manipur,3537.7
2014,Meghalaya,Meghalaya,4496.5
2014,Mizoram,Mizoram,6950.2
2014,Nagaland,Nagaland,5394.4
2014,Odisha,Odisha,4362.1
2014,Puducherry,Puducherry,9919.5
2014,Punjab,Punjab,7359.8
2014,Rajasthan,Rajasthan,5139.8
2014,Sikkim,Sikkim,14663.1
2014,Tamil Nadu,Tamil Nadu,8741.1
2014,Telangana,Telangana,8288.8
2014,Tripura,Tripura,4665
2014,Uttar Pradesh,Uttar Pradesh,2888.9
2014,Uttarakhand,Uttarakhand,9205.7
2014,West Bengal,West Bengal,4573.5
2015,Andaman and Nicobar Islands,Andaman and Nicobar Islands,9086.5
2015,Andhra Pradesh,Andhra Pradesh,7055.1
2015,Arunachal Pradesh,Arunachal Pradesh,7508.5
2015,Assam,Assam,4056.4
2015,Bihar,Bihar,1956.6
2015,Chandigarh,Chandigarh,15259.8
2015,Chhattisgarh,Chhattisgarh,4824.5
2015,Delhi,Delhi,17518.1
2015,Goa,Goa,21546.7
2015,Gujarat,Gujarat,9441.1
2015,Haryana,Haryana,10793.7
2015,Himachal Pradesh,Himachal Pradesh,9415
2015,Jammu and Kashmir,Jammu and Kashmir,5256.2
2015,Jharkhand,Jharkhand,3424.5
2015,Karnataka,Karnataka,9589
2015,Kerala,Kerala,9692.6
2015,Madhya Pradesh,Madhya Pradesh,4070.7
2015,Maharashtra,Maharashtra,9798.4
2015,Manipur,Manipur,3646.4
2015,Meghalaya,Meghalaya,4704.2
2015,Mizoram,Mizoram,7480.8
2015,Nagaland,Nagaland,5536.8
2015,Odisha,Odisha,4418.3
2015,Puducherry,Puducherry,11142.6
2015,Punjab,Punjab,7802.6
2015,Rajasthan,Rajasthan,5483.4
2015,Sikkim,Sikkim,16597.4
2015,Tamil Nadu,Tamil Nadu,9310.8
2015,Telangana,Telangana,9166.7
2015,Tripura,Tripura,5492.5
2015,Uttar Pradesh,Uttar Pradesh,3128.4
2015,Uttarakhand,Uttarakhand,9753.5
2015,West Bengal,West Bengal,4915.7
2016,Andaman and Nicobar Islands,Andaman and Nicobar Islands,9924.1
2016,Andhra Pradesh,Andhra Pradesh,7695.5
2016,Arunachal Pradesh,Arunachal Pradesh,7740.3
2016,Assam,Assam,4328.7
2016,Bihar,Bihar,2114
2016,Chandigarh,Chandigarh,16158
2016,Chhattisgarh,Chhattisgarh,5367.9
2016,Delhi,Delhi,18600.1
2016,Goa,Goa,23701.1
2016,Gujarat,Gujarat,10237.1
2016,Haryana,Haryana,11680.6
2016,Himachal Pradesh,Himachal Pradesh,9941.7
2016,Jammu and Kashmir,Jammu and Kashmir,5378.4
2016,Jharkhand,Jharkhand,3731.7
2016,Karnataka,Karnataka,10616.3
2016,Kerala,Kerala,10553.9
2016,Madhya Pradesh,Madhya Pradesh,4665.2
2016,Maharashtra,Maharashtra,10504.5
2016,Manipur,Manipur,3768.5
2016,Meghalaya,Meghalaya,4929.2
2016,Mizoram,Mizoram,8079.7
2016,Nagaland,Nagaland,5904.6
2016,Odisha,Odisha,5074.1
2016,Puducherry,Puducherry,11676.5
2016,Punjab,Punjab,8165.9
2016,Rajasthan,Rajasthan,5843.7
2016,Sikkim,Sikkim,18242.6
2016,Tamil Nadu,Tamil Nadu,9930.6
2016,Telangana,Telangana,10014.8
2016,Tripura,Tripura,5784.5
2016,Uttar Pradesh,Uttar Pradesh,3380.4
2016,Uttarakhand,Uttarakhand,10279.6
2016,West Bengal,West Bengal,5159.2
2017,Andaman and Nicobar Islands,Andaman and Nicobar Islands,10961.9
2017,Andhra Pradesh,Andhra Pradesh,8452.1
2017,Arunachal Pradesh,Arunachal Pradesh,8327.7
2017,Assam,Assam,4602.5
2017,Bihar,Bihar,2198.6
2017,Chandigarh,Chandigarh,17208.4
2017,Chhattisgarh,Chhattisgarh,5466.3
2017,Delhi,Delhi,19298
2017,Goa,Goa,24923.3
2017,Gujarat,Gujarat,11065.8
2017,Haryana,Haryana,12605.4
2017,Himachal Pradesh,Himachal Pradesh,10511.8
2017,Jammu and Kashmir,Jammu and Kashmir,5743.7
2017,Jharkhand,Jharkhand,4040.4
2017,Karnataka,Karnataka,11246.1
2017,Kerala,Kerala,11161.8
2017,Madhya Pradesh,Madhya Pradesh,4944
2017,Maharashtra,Maharashtra,10711.6
2017,Manipur,Manipur,4296
2017,Meghalaya,Meghalaya,5047.7
2017,Mizoram,Mizoram,9053.6
2017,Nagaland,Nagaland,6308.2
2017,Odisha,Odisha,5429.1
2017,Puducherry,Puducherry,11880.8
2017,Punjab,Punjab,8552
2017,Rajasthan,Rajasthan,6024.3
2017,Sikkim,Sikkim,21791.8
2017,Tamil Nadu,Tamil Nadu,10691.8
2017,Telangana,Telangana,10865.6
2017,Tripura,Tripura,6099.6
2017,Uttar Pradesh,Uttar Pradesh,3578.1
2017,Uttarakhand,Uttarakhand,11027.5
2017,West Bengal,West Bengal,5488.4
2018,Andaman and Nicobar Islands,Andaman and Nicobar Islands,12009.8
2018,Andhra Pradesh,Andhra Pradesh,8989.7
2018,Arunachal Pradesh,Arunachal Pradesh,8945.9
2018,Assam,Assam,4786.8
2018,Bihar,Bihar,2348.1
2018,Chandigarh,Chandigarh,18076
2018,Chhattisgarh,Chhattisgarh,5991
2018,Delhi,Delhi,19843.9
2018,Goa,Goa,24711.1
2018,Gujarat,Gujarat,11802.6
2018,Haryana,Haryana,13089.8
2018,Himachal Pradesh,Himachal Pradesh,10766.9
2018,Jammu and Kashmir,Jammu and Kashmir,6277
2018,Jharkhand,Jharkhand,4343.3
2018,Karnataka,Karnataka,11916.5
2018,Kerala,Kerala,12012.2
2018,Madhya Pradesh,Madhya Pradesh,5361.6
2018,Maharashtra,Maharashtra,10978.7
2018,Manipur,Manipur,4298
2018,Meghalaya,Meghalaya,5245.9
2018,Mizoram,Mizoram,9759.7
2018,Nagaland,Nagaland,6535.9
2018,Odisha,Odisha,5871.4
2018,Puducherry,Puducherry,11844.2
2018,Punjab,Punjab,8841.7
2018,Rajasthan,Rajasthan,6266
2018,Sikkim,Sikkim,22732.5
2018,Tamil Nadu,Tamil Nadu,11398.7
2018,Telangana,Telangana,12210.7
2018,Tripura,Tripura,6624.5
2018,Uttar Pradesh,Uttar Pradesh,3727.5
2018,Uttarakhand,Uttarakhand,10973.1
2018,West Bengal,West Bengal,6023.1
2019,Andaman and Nicobar Islands,Andaman and Nicobar Islands,12656.2
2019,Andhra Pradesh,Andhra Pradesh,9247.9
2019,Arunachal Pradesh,Arunachal Pradesh,10249.7
2019,Assam,Assam,5184.2
2019,Bihar,Bihar,2489.6
2019,Chandigarh,Chandigarh,18869.7
2019,Chhattisgarh,Chhattisgarh,6141.9
2019,Delhi,Delhi,20414.9
2019,Goa,Goa,25051.4
2019,Gujarat,Gujarat,12327.4
2019,Haryana,Haryana,13308.9
2019,Himachal Pradesh,Himachal Pradesh,11205.5
2019,Jammu and Kashmir,Jammu and Kashmir,6382.5
2019,Jharkhand,Jharkhand,4244.1
2019,Karnataka,Karnataka,12609
2019,Kerala,Kerala,12036.4
2019,Madhya Pradesh,Madhya Pradesh,5773.6
2019,Maharashtra,Maharashtra,11158.5
2019,Manipur,Manipur,4471.3
2019,Meghalaya,Meghalaya,5481.6
2019,Mizoram,Mizoram,10760.1
2019,Nagaland,Nagaland,7093.3
2019,Odisha,Odisha,6133.5
2019,Puducherry,Puducherry,12401.1
2019,Punjab,Punjab,8930.1
2019,Rajasthan,Rajasthan,6626
2019,Sikkim,Sikkim,24315.5
2019,Tamil Nadu,Tamil Nadu,11846.6
2019,Telangana,Telangana,13123
2019,Tripura,Tripura,6962.4
2019,Uttar Pradesh,Uttar Pradesh,3852.2
2019,Uttarakhand,Uttarakhand,11003
2019,West Bengal,West Bengal,6253.6
2020,Andaman and Nicobar Islands,Andaman and Nicobar Islands,11455.1
2020,Andhra Pradesh,Andhra Pradesh,9271.2
2020,Arunachal Pradesh,Arunachal Pradesh,9844.6
2020,Assam,Assam,4793.5
2020,Bihar,Bihar,2284.1
2020,Chandigarh,Chandigarh,16136.5
2020,Chhattisgarh,Chhattisgarh,5911.3
2020,Delhi,Delhi,17943.1
2020,Goa,Goa,23470.2
2020,Gujarat,Gujarat,11460.1
2020,Haryana,Haryana,12391.2
2020,Himachal Pradesh,Himachal Pradesh,10138.2
2020,Jammu and Kashmir,Jammu and Kashmir,6178.7
2020,Jharkhand,Jharkhand,3817.1
2020,Karnataka,Karnataka,12119.9
2020,Kerala,Kerala,10846.8
2020,Madhya Pradesh,Madhya Pradesh,5541.1
2020,Maharashtra,Maharashtra,10364.6
2020,Manipur,Manipur,4170
2020,Meghalaya,Meghalaya,5032.6
2020,Mizoram,Mizoram,9730.1
2020,Nagaland,Nagaland,6697.7
2020,Odisha,Odisha,5836.1
2020,Puducherry,Puducherry,11435.8
2020,Punjab,Punjab,8469.6
2020,Rajasthan,Rajasthan,6352.4
2020,Sikkim,Sikkim,24144.8
2020,Tamil Nadu,Tamil Nadu,11540
2020,Telangana,Telangana,12344.1
2020,Tripura,Tripura,6500
2020,Uttar Pradesh,Uttar Pradesh,3514.4
2020,Uttarakhand,Uttarakhand,9786.3
2020,West Bengal,West Bengal,5741.5
2021,Andaman and Nicobar Islands,Andaman and Nicobar Islands,11770.6
2021,Andhra Pradesh,Andhra Pradesh,9836.7
2021,Arunachal Pradesh,Arunachal Pradesh,9645.8
2021,Assam,Assam,5293.8
2021,Bihar,Bihar,2368.4
2021,Chandigarh,Chandigarh,17214.5
2021,Chhattisgarh,Chhattisgarh,6296.2
2021,Delhi,Delhi,19010.3
2021,Goa,Goa,23603.6
2021,Gujarat,Gujarat,12412.7
2021,Haryana,Haryana,13418.1
2021,Himachal Pradesh,Himachal Pradesh,10453.2
2021,Jammu and Kashmir,Jammu and Kashmir,6360.4
2021,Jharkhand,Jharkhand,4407.3
2021,Karnataka,Karnataka,13485.5
2021,Kerala,Kerala,11803.5
2021,Madhya Pradesh,Madhya Pradesh,5875.9
2021,Maharashtra,Maharashtra,11422.8
2021,Manipur,Manipur,5004.5
2021,Meghalaya,Meghalaya,5481.1
2021,Mizoram,Mizoram,9930.2
2021,Nagaland,Nagaland,6622.1
2021,Odisha,Odisha,6887.7
2021,Puducherry,Puducherry,11662.2
2021,Punjab,Punjab,8954.7
2021,Rajasthan,Rajasthan,6806
2021,Sikkim,Sikkim,25147.4
2021,Tamil Nadu,Tamil Nadu,12299
2021,Telangana,Telangana,13501
2021,Tripura,Tripura,6918.7
2021,Uttar Pradesh,Uttar Pradesh,3874
2021,Uttarakhand,Uttarakhand,10098
2021,West Bengal,West Bengal,6185
2022,Andaman and Nicobar Islands,Andaman and Nicobar Islands,12449.8
2022,Andhra Pradesh,Andhra Pradesh,10581
2022,Arunachal Pradesh,Arunachal Pradesh,9664
2022,Assam,Assam,5780
2022,Bihar,Bihar,2537.6
2022,Chandigarh,Chandigarh,18967.8
2022,Chhattisgarh,Chhattisgarh,6552.5
2022,Delhi,Delhi,20230.9
2022,Goa,Goa,25573.6
2022,Gujarat,Gujarat,13282.7
2022,Haryana,Haryana,13908.6
2022,Himachal Pradesh,Himachal Pradesh,11029.5
2022,Jammu and Kashmir,Jammu and Kashmir,6784.2
2022,Jharkhand,Jharkhand,4559.6
2022,Karnataka,Karnataka,14736.3
2022,Kerala,Kerala,12273.4
2022,Madhya Pradesh,Madhya Pradesh,6082.9
2022,Maharashtra,Maharashtra,12397.8
2022,Manipur,Manipur,5373.4
2022,Meghalaya,Meghalaya,5935.2
2022,Mizoram,Mizoram,10679.2
2022,Nagaland,Nagaland,6845.8
2022,Odisha,Odisha,7027.7
2022,Puducherry,Puducherry,11786.7
2022,Punjab,Punjab,9110.4
2022,Rajasthan,Rajasthan,7212.8
2022,Sikkim,Sikkim,26682.8
2022,Tamil Nadu,Tamil Nadu,13372.2
2022,Telangana,Telangana,14882.8
2022,Tripura,Tripura,7383.6
2022,Uttar Pradesh,Uttar Pradesh,4127.7
2022,Uttarakhand,Uttarakhand,10833.4
2022,West Bengal,West Bengal,6573.6
2023,Andaman and Nicobar Islands,Andaman and Nicobar Islands,12971.9
2023,Andhra Pradesh,Andhra Pradesh,11162.1
2023,Arunachal Pradesh,Arunachal Pradesh,10402.5
2023,Assam,Assam,6647.3
2023,Bihar,Bihar,2787.9
2023,Chandigarh,Chandigarh,20189.3
2023,Chhattisgarh,Chhattisgarh,7047.2
2023,Delhi,Delhi,21552.1
2023,Goa,Goa,28206.2
2023,Gujarat,Gujarat,14083.6
2023,Haryana,Haryana,14917.8
2023,Himachal Pradesh,Himachal Pradesh,11758.4
2023,Jammu and Kashmir,Jammu and Kashmir,7304.7
2023,Jharkhand,Jharkhand,4847.9
2023,Karnataka,Karnataka,15736.1
2023,Kerala,Kerala,13211.5
2023,Madhya Pradesh,Madhya Pradesh,6492.1
2023,Maharashtra,Maharashtra,13356.1
2023,Manipur,Manipur,6030.8
2023,Meghalaya,Meghalaya,6535.4
2023,Mizoram,Mizoram,11523.3
2023,Nagaland,Nagaland,7499.2
2023,Odisha,Odisha,7764.9
2023,Puducherry,Puducherry,12203
2023,Punjab,Punjab,9541.6
2023,Rajasthan,Rajasthan,7801.5
2023,Sikkim,Sikkim,29564.8
2023,Tamil Nadu,Tamil Nadu,14777.9
2023,Telangana,Telangana,16034.3
2023,Tripura,Tripura,8251.4
2023,Uttar Pradesh,Uttar Pradesh,4519.2
2023,Uttarakhand,Uttarakhand,11892.6
2023,West Bengal,West Bengal,6948.1
